key	description_text	faction	header_text	image_path	priority_index
#campaign_ui_cheatsheet_items_tables;0;db/campaign_ui_cheatsheet_items_tables/data__					
wh2_dlc09_skv_clan_rictus_1	war.camp.hp.skaven_underworld.002	wh2_dlc09_skv_clan_rictus	war.camp.hp.skaven_underworld.001		1
wh2_dlc09_skv_clan_rictus_2	war.camp.hp.food.002	wh2_dlc09_skv_clan_rictus	war.camp.hp.food.001		2
wh2_dlc09_skv_clan_rictus_3	war.camp.hp.skaven_corruption.002	wh2_dlc09_skv_clan_rictus	war.camp.hp.skaven_corruption.001		3
wh2_dlc09_tmb_exiles_of_nehek_1	war.camp.hp.books_of_nagash.002	wh2_dlc09_tmb_exiles_of_nehek	war.camp.hp.books_of_nagash.001		1
wh2_dlc09_tmb_exiles_of_nehek_2	war.camp.hp.day_of_awakening.002	wh2_dlc09_tmb_exiles_of_nehek	war.camp.hp.day_of_awakening.001		2
wh2_dlc09_tmb_exiles_of_nehek_3	war.camp.hp.dynasties.002	wh2_dlc09_tmb_exiles_of_nehek	war.camp.hp.dynasties.001		3
wh2_dlc09_tmb_exiles_of_nehek_4	war.camp.hp.mortuary_cult.002	wh2_dlc09_tmb_exiles_of_nehek	war.camp.hp.mortuary_cult.001		4
wh2_dlc09_tmb_followers_of_nagash_1	war.camp.hp.books_of_nagash.002	wh2_dlc09_tmb_followers_of_nagash	war.camp.hp.books_of_nagash.001		1
wh2_dlc09_tmb_followers_of_nagash_2	war.camp.hp.day_of_awakening.002	wh2_dlc09_tmb_followers_of_nagash	war.camp.hp.day_of_awakening.001		2
wh2_dlc09_tmb_followers_of_nagash_3	war.camp.hp.dynasties.002	wh2_dlc09_tmb_followers_of_nagash	war.camp.hp.dynasties.001		3
wh2_dlc09_tmb_followers_of_nagash_4	war.camp.hp.mortuary_cult.002	wh2_dlc09_tmb_followers_of_nagash	war.camp.hp.mortuary_cult.001		4
wh2_dlc09_tmb_khemri_1	war.camp.hp.books_of_nagash.002	wh2_dlc09_tmb_khemri	war.camp.hp.books_of_nagash.001		1
wh2_dlc09_tmb_khemri_2	war.camp.hp.day_of_awakening.002	wh2_dlc09_tmb_khemri	war.camp.hp.day_of_awakening.001		2
wh2_dlc09_tmb_khemri_3	war.camp.hp.dynasties.002	wh2_dlc09_tmb_khemri	war.camp.hp.dynasties.001		3
wh2_dlc09_tmb_khemri_4	war.camp.hp.mortuary_cult.002	wh2_dlc09_tmb_khemri	war.camp.hp.mortuary_cult.001		4
wh2_dlc09_tmb_lybaras_1	war.camp.hp.books_of_nagash.002	wh2_dlc09_tmb_lybaras	war.camp.hp.books_of_nagash.001		1
wh2_dlc09_tmb_lybaras_2	war.camp.hp.day_of_awakening.002	wh2_dlc09_tmb_lybaras	war.camp.hp.day_of_awakening.001		2
wh2_dlc09_tmb_lybaras_3	war.camp.hp.dynasties.002	wh2_dlc09_tmb_lybaras	war.camp.hp.dynasties.001		3
wh2_dlc09_tmb_lybaras_4	war.camp.hp.mortuary_cult.002	wh2_dlc09_tmb_lybaras	war.camp.hp.mortuary_cult.001		4
wh2_dlc11_cst_noctilus_1	war.camp.hp.ship_building.002	wh2_dlc11_cst_noctilus	war.camp.hp.ship_building.001		1
wh2_dlc11_cst_noctilus_2	war.camp.hp.infamy.002	wh2_dlc11_cst_noctilus	war.camp.hp.infamy.001		2
wh2_dlc11_cst_noctilus_3	war.camp.hp.pirate_coves.002	wh2_dlc11_cst_noctilus	war.camp.hp.pirate_coves.001		3
wh2_dlc11_cst_pirates_of_sartosa_1	war.camp.hp.ship_building.002	wh2_dlc11_cst_pirates_of_sartosa	war.camp.hp.ship_building.001		1
wh2_dlc11_cst_pirates_of_sartosa_2	war.camp.hp.infamy.002	wh2_dlc11_cst_pirates_of_sartosa	war.camp.hp.infamy.001		2
wh2_dlc11_cst_pirates_of_sartosa_3	war.camp.hp.pirate_coves.002	wh2_dlc11_cst_pirates_of_sartosa	war.camp.hp.pirate_coves.001		3
wh2_dlc11_cst_the_drowned_1	war.camp.hp.ship_building.002	wh2_dlc11_cst_the_drowned	war.camp.hp.ship_building.001		1
wh2_dlc11_cst_the_drowned_2	war.camp.hp.infamy.002	wh2_dlc11_cst_the_drowned	war.camp.hp.infamy.001		2
wh2_dlc11_cst_the_drowned_3	war.camp.hp.pirate_coves.002	wh2_dlc11_cst_the_drowned	war.camp.hp.pirate_coves.001		3
wh2_dlc11_cst_vampire_coast_1	war.camp.hp.ship_building.002	wh2_dlc11_cst_vampire_coast	war.camp.hp.ship_building.001		1
wh2_dlc11_cst_vampire_coast_2	war.camp.hp.infamy.002	wh2_dlc11_cst_vampire_coast	war.camp.hp.infamy.001		2
wh2_dlc11_cst_vampire_coast_3	war.camp.hp.pirate_coves.002	wh2_dlc11_cst_vampire_coast	war.camp.hp.pirate_coves.001		3
wh2_dlc11_def_the_blessed_dread_1	war.camp.hp.slaves.002	wh2_dlc11_def_the_blessed_dread	war.camp.hp.slaves.001		1
wh2_dlc11_def_the_blessed_dread_2	war.camp.hp.black_arks.002	wh2_dlc11_def_the_blessed_dread	war.camp.hp.black_arks.001		2
wh2_dlc11_def_the_blessed_dread_3	war.camp.hp.sword_of_khaine.002	wh2_dlc11_def_the_blessed_dread	war.camp.hp.sword_of_khaine.001		3
wh2_dlc11_vmp_the_barrow_legion_1	war.camp.hp.bloodlines.002	wh2_dlc11_vmp_the_barrow_legion	war.camp.hp.bloodlines.001		1
wh2_dlc11_vmp_the_barrow_legion_2	war.camp.hp.raising_dead.002	wh2_dlc11_vmp_the_barrow_legion	war.camp.hp.raising_dead.001		2
wh2_dlc11_vmp_the_barrow_legion_3	war.camp.hp.vampiric_corruption.002	wh2_dlc11_vmp_the_barrow_legion	war.camp.hp.vampiric_corruption.001		3
wh2_dlc12_lzd_cult_of_sotek_1	war.camp.hp.lizardmen_sacrifice_to_sotek.002	wh2_dlc12_lzd_cult_of_sotek	war.camp.hp.lizardmen_sacrifice_to_sotek.001		1
wh2_dlc12_lzd_cult_of_sotek_2	war.camp.hp.lizardmen_lord_kroak.002	wh2_dlc12_lzd_cult_of_sotek	war.camp.hp.lizardmen_lord_kroak.001		2
wh2_dlc12_lzd_cult_of_sotek_3	war.camp.hp.geomantic_web.002	wh2_dlc12_lzd_cult_of_sotek	war.camp.hp.geomantic_web.001		3
wh2_dlc12_lzd_cult_of_sotek_4	war.camp.hp.blessed_spawnings.002	wh2_dlc12_lzd_cult_of_sotek	war.camp.hp.blessed_spawnings.001		4
wh2_dlc13_emp_golden_order_1	war.camp.hp.empire_imperial_authority.002	wh2_dlc13_emp_golden_order	war.camp.hp.empire_imperial_authority.001		1
wh2_dlc13_emp_golden_order_2	war.camp.hp.empire_summon_elector_counts.002	wh2_dlc13_emp_golden_order	war.camp.hp.empire_summon_elector_counts.001		2
wh2_dlc13_emp_the_huntmarshals_expedition_1	war.camp.hp.empire_emperors_mandate.002	wh2_dlc13_emp_the_huntmarshals_expedition	war.camp.hp.empire_emperors_mandate.001		1
wh2_dlc13_emp_the_huntmarshals_expedition_2	war.camp.hp.empire_hostility.002	wh2_dlc13_emp_the_huntmarshals_expedition	war.camp.hp.empire_hostility.001		2
wh2_dlc13_emp_the_huntmarshals_expedition_3	war.camp.hp.empire_wulfharts_hunters.002	wh2_dlc13_emp_the_huntmarshals_expedition	war.camp.hp.empire_wulfharts_hunters.001		3
wh2_dlc13_lzd_spirits_of_the_jungle_1	war.camp.hp.defence_of_the_great_plan.002	wh2_dlc13_lzd_spirits_of_the_jungle	war.camp.hp.defence_of_the_great_plan.001		1
wh2_dlc13_lzd_spirits_of_the_jungle_2	war.camp.hp.lizardmen_jungle_nexus.002	wh2_dlc13_lzd_spirits_of_the_jungle	war.camp.hp.lizardmen_jungle_nexus.001		2
wh2_dlc13_lzd_spirits_of_the_jungle_3	war.camp.hp.blessed_spawnings.002	wh2_dlc13_lzd_spirits_of_the_jungle	war.camp.hp.blessed_spawnings.001		3
wh2_dlc14_brt_chevaliers_de_lyonesse_1	war.camp.hp.bretonnian_vows.002	wh2_dlc14_brt_chevaliers_de_lyonesse	war.camp.hp.bretonnian_vows.001		1
wh2_dlc14_brt_chevaliers_de_lyonesse_2	war.camp.hp.chivalry.002	wh2_dlc14_brt_chevaliers_de_lyonesse	war.camp.hp.chivalry.001		2
wh2_dlc14_brt_chevaliers_de_lyonesse_3	war.camp.hp.bretonnian_desert_thirst.002	wh2_dlc14_brt_chevaliers_de_lyonesse	war.camp.hp.bretonnian_desert_thirst.001		3
wh2_dlc14_brt_chevaliers_de_lyonesse_4	war.camp.hp.peasants.002	wh2_dlc14_brt_chevaliers_de_lyonesse	war.camp.hp.peasants.001		4
wh2_dlc15_grn_bonerattlaz_1	war.camp.hp.waaagh.002	wh2_dlc15_grn_bonerattlaz	war.camp.hp.waaagh.001		1
wh2_dlc15_grn_bonerattlaz_2	war.camp.hp.underway.002	wh2_dlc15_grn_bonerattlaz	war.camp.hp.underway.001		2
wh2_dlc15_grn_bonerattlaz_3	wh2_dlc15.camp.advice.scrap.info_002	wh2_dlc15_grn_bonerattlaz	wh2_dlc15.camp.advice.scrap.info_001		3
wh2_dlc15_grn_broken_axe_1	war.camp.hp.waaagh.002	wh2_dlc15_grn_broken_axe	war.camp.hp.waaagh.001		1
wh2_dlc15_grn_broken_axe_2	war.camp.hp.underway.002	wh2_dlc15_grn_broken_axe	war.camp.hp.underway.001		2
wh2_dlc15_grn_broken_axe_3	wh2_dlc15.camp.advice.scrap.info_002	wh2_dlc15_grn_broken_axe	wh2_dlc15.camp.advice.scrap.info_001		3
wh2_dlc15_grn_broken_axe_4	war.camp.hp.greenskins_groms_cauldron.002	wh2_dlc15_grn_broken_axe	war.camp.hp.greenskins_groms_cauldron.001		4
wh2_dlc15_hef_imrik_1	wh2_dlc15.camp.advice.dragon_taming.info_002	wh2_dlc15_hef_imrik	wh2_dlc15.camp.advice.dragon_taming.info_001		1
wh2_dlc15_hef_imrik_2	war.camp.hp.influence.002	wh2_dlc15_hef_imrik	war.camp.hp.influence.001		2
wh2_dlc15_hef_imrik_3	war.camp.hp.intrigue_at_the_court.002	wh2_dlc15_hef_imrik	war.camp.hp.intrigue_at_the_court.001		3
wh2_dlc15_hef_imrik_4	war.camp.hp.espionage.002	wh2_dlc15_hef_imrik	war.camp.hp.espionage.001		4
wh2_dlc16_wef_drycha_1	war.camp.hp.wood_elves_new_worldroots.002	wh2_dlc16_wef_drycha	war.camp.hp.wood_elves_new_worldroots.001		1
wh2_dlc16_wef_drycha_2	war.camp.hp.oak_of_ages.002	wh2_dlc16_wef_drycha	war.camp.hp.oak_of_ages.001		2
wh2_dlc16_wef_drycha_3	war.camp.advice.offices.info_002	wh2_dlc16_wef_drycha	war.camp.advice.offices.info_001		3
wh2_dlc16_wef_drycha_4	war.camp.hp.wood_elves_forest_spirits_animals.002	wh2_dlc16_wef_drycha	war.camp.hp.wood_elves_forest_spirits_animals.001		4
wh2_dlc16_wef_sisters_of_twilight_1	war.camp.hp.wood_elves_new_worldroots.002	wh2_dlc16_wef_sisters_of_twilight	war.camp.hp.wood_elves_new_worldroots.001		1
wh2_dlc16_wef_sisters_of_twilight_2	war.camp.hp.wood_elves_forge_of_daith.002	wh2_dlc16_wef_sisters_of_twilight	war.camp.hp.wood_elves_forge_of_daith.001		2
wh2_dlc16_wef_sisters_of_twilight_3	war.camp.hp.oak_of_ages.002	wh2_dlc16_wef_sisters_of_twilight	war.camp.hp.oak_of_ages.001		3
wh2_dlc16_wef_sisters_of_twilight_4	war.camp.advice.offices.info_002	wh2_dlc16_wef_sisters_of_twilight	war.camp.advice.offices.info_001		4
wh2_dlc17_bst_malagor_1	war.camp.hp.hordes.002	wh2_dlc17_bst_malagor	war.camp.hp.hordes.001		1
wh2_dlc17_bst_malagor_2	war.camp.hp.bloodgrounds.002	wh2_dlc17_bst_malagor	war.camp.hp.bloodgrounds.001		2
wh2_dlc17_bst_malagor_3	war.camp.hp.dread_panel.002	wh2_dlc17_bst_malagor	war.camp.hp.dread_panel.001		3
wh2_dlc17_bst_malagor_4	war.camp.hp.beast_paths.002	wh2_dlc17_bst_malagor	war.camp.hp.beast_paths.001		4
wh2_dlc17_bst_taurox_1	war.camp.hp.rampage.002	wh2_dlc17_bst_taurox	war.camp.hp.rampage.001		1
wh2_dlc17_bst_taurox_2	war.camp.hp.hordes.002	wh2_dlc17_bst_taurox	war.camp.hp.hordes.001		2
wh2_dlc17_bst_taurox_3	war.camp.hp.bloodgrounds.002	wh2_dlc17_bst_taurox	war.camp.hp.bloodgrounds.001		3
wh2_dlc17_bst_taurox_4	war.camp.hp.dread_panel.002	wh2_dlc17_bst_taurox	war.camp.hp.dread_panel.001		4
wh2_dlc17_dwf_thorek_ironbrow_1	war.camp.hp.grudges.002	wh2_dlc17_dwf_thorek_ironbrow	war.camp.hp.grudges.001	UI/help_images/dwarfs.png	1
wh2_dlc17_dwf_thorek_ironbrow_2	war.camp.hp.forging_magic_items.002	wh2_dlc17_dwf_thorek_ironbrow	war.camp.hp.forging_magic_items.001		2
wh2_dlc17_dwf_thorek_ironbrow_3	war.camp.hp.oathgold.002	wh2_dlc17_dwf_thorek_ironbrow	war.camp.hp.oathgold.001		3
wh2_dlc17_lzd_oxyotl_1	war.camp.hp.oxyotl_visions.002	wh2_dlc17_lzd_oxyotl	war.camp.hp.oxyotl_visions.001		1
wh2_dlc17_lzd_oxyotl_2	war.camp.hp.lizardmen_silent_sanctums.002	wh2_dlc17_lzd_oxyotl	war.camp.hp.lizardmen_silent_sanctums.001		2
wh2_dlc17_lzd_oxyotl_3	war.camp.hp.geomantic_web.002	wh2_dlc17_lzd_oxyotl	war.camp.hp.geomantic_web.001		3
wh2_dlc17_lzd_oxyotl_4	war.camp.hp.blessed_spawnings.002	wh2_dlc17_lzd_oxyotl	war.camp.hp.blessed_spawnings.001		4
wh2_main_def_cult_of_pleasure_1	war.camp.hp.slaves.002	wh2_main_def_cult_of_pleasure	war.camp.hp.slaves.001		1
wh2_main_def_cult_of_pleasure_2	war.camp.hp.black_arks.002	wh2_main_def_cult_of_pleasure	war.camp.hp.black_arks.001		2
wh2_main_def_cult_of_pleasure_3	war.camp.hp.sword_of_khaine.002	wh2_main_def_cult_of_pleasure	war.camp.hp.sword_of_khaine.001		3
wh2_main_def_hag_graef_1	war.camp.hp.possession_tzarkan.002	wh2_main_def_hag_graef	war.camp.hp.possession_tzarkan.001		1
wh2_main_def_hag_graef_2	war.camp.hp.slaves.002	wh2_main_def_hag_graef	war.camp.hp.slaves.001		2
wh2_main_def_hag_graef_3	war.camp.hp.black_arks.002	wh2_main_def_hag_graef	war.camp.hp.black_arks.001		3
wh2_main_def_hag_graef_4	war.camp.hp.sword_of_khaine.002	wh2_main_def_hag_graef	war.camp.hp.sword_of_khaine.001		4
wh2_main_def_har_ganeth_1	war.camp.hp.death_night.002	wh2_main_def_har_ganeth	war.camp.hp.death_night.001		1
wh2_main_def_har_ganeth_2	war.camp.hp.blood_voyage.002	wh2_main_def_har_ganeth	war.camp.hp.blood_voyage.001		2
wh2_main_def_har_ganeth_3	war.camp.hp.slaves.002	wh2_main_def_har_ganeth	war.camp.hp.slaves.001		3
wh2_main_def_har_ganeth_4	war.camp.hp.black_arks.002	wh2_main_def_har_ganeth	war.camp.hp.black_arks.001		4
wh2_main_def_naggarond_1	war.camp.hp.slaves.002	wh2_main_def_naggarond	war.camp.hp.slaves.001		1
wh2_main_def_naggarond_2	war.camp.hp.black_arks.002	wh2_main_def_naggarond	war.camp.hp.black_arks.001		2
wh2_main_def_naggarond_3	war.camp.hp.sword_of_khaine.002	wh2_main_def_naggarond	war.camp.hp.sword_of_khaine.001		3
wh2_main_hef_avelorn_1	war.camp.hp.defender_of_ulthuan.002	wh2_main_hef_avelorn	war.camp.hp.defender_of_ulthuan.001		1
wh2_main_hef_avelorn_2	war.camp.hp.mortal_worlds_torment.002	wh2_main_hef_avelorn	war.camp.hp.mortal_worlds_torment.001		2
wh2_main_hef_avelorn_3	war.camp.hp.power_of_nature.002	wh2_main_hef_avelorn	war.camp.hp.power_of_nature.001		3
wh2_main_hef_avelorn_4	war.camp.hp.sword_of_khaine.002	wh2_main_hef_avelorn	war.camp.hp.sword_of_khaine.001		4
wh2_main_hef_eataine_1	war.camp.hp.influence.002	wh2_main_hef_eataine	war.camp.hp.influence.001		1
wh2_main_hef_eataine_2	war.camp.hp.intrigue_at_the_court.002	wh2_main_hef_eataine	war.camp.hp.intrigue_at_the_court.001		2
wh2_main_hef_eataine_3	war.camp.hp.espionage.002	wh2_main_hef_eataine	war.camp.hp.espionage.001		3
wh2_main_hef_eataine_4	war.camp.hp.sword_of_khaine.002	wh2_main_hef_eataine	war.camp.hp.sword_of_khaine.001		4
wh2_main_hef_nagarythe_1	war.camp.hp.marked_for_death.002	wh2_main_hef_nagarythe	war.camp.hp.marked_for_death.001		1
wh2_main_hef_nagarythe_2	war.camp.hp.sword_of_khaine.002	wh2_main_hef_nagarythe	war.camp.hp.sword_of_khaine.001		2
wh2_main_hef_nagarythe_3	war.camp.hp.influence.002	wh2_main_hef_nagarythe	war.camp.hp.influence.001		3
wh2_main_hef_nagarythe_4	war.camp.hp.intrigue_at_the_court.002	wh2_main_hef_nagarythe	war.camp.hp.intrigue_at_the_court.001		4
wh2_main_hef_order_of_loremasters_1	war.camp.hp.influence.002	wh2_main_hef_order_of_loremasters	war.camp.hp.influence.001		1
wh2_main_hef_order_of_loremasters_2	war.camp.hp.intrigue_at_the_court.002	wh2_main_hef_order_of_loremasters	war.camp.hp.intrigue_at_the_court.001		2
wh2_main_hef_order_of_loremasters_3	war.camp.hp.espionage.002	wh2_main_hef_order_of_loremasters	war.camp.hp.espionage.001		3
wh2_main_hef_order_of_loremasters_4	war.camp.hp.sword_of_khaine.002	wh2_main_hef_order_of_loremasters	war.camp.hp.sword_of_khaine.001		4
wh2_main_hef_yvresse_1	wh2_dlc15.camp.advice.athel_tamarha.info_002	wh2_main_hef_yvresse	wh2_dlc15.camp.advice.athel_tamarha.info_001		1
wh2_main_hef_yvresse_2	war.camp.hp.influence.002	wh2_main_hef_yvresse	war.camp.hp.influence.001		2
wh2_main_hef_yvresse_3	war.camp.hp.intrigue_at_the_court.002	wh2_main_hef_yvresse	war.camp.hp.intrigue_at_the_court.001		3
wh2_main_hef_yvresse_4	war.camp.hp.espionage.002	wh2_main_hef_yvresse	war.camp.hp.espionage.001		4
wh2_main_lzd_hexoatl_1	war.camp.hp.lizardmen_lord_kroak.002	wh2_main_lzd_hexoatl	war.camp.hp.lizardmen_lord_kroak.001		1
wh2_main_lzd_hexoatl_2	war.camp.hp.geomantic_web.002	wh2_main_lzd_hexoatl	war.camp.hp.geomantic_web.001		2
wh2_main_lzd_hexoatl_3	war.camp.hp.blessed_spawnings.002	wh2_main_lzd_hexoatl	war.camp.hp.blessed_spawnings.001		3
wh2_main_lzd_itza_1	war.camp.hp.lizardmen_lord_kroak.002	wh2_main_lzd_itza	war.camp.hp.lizardmen_lord_kroak.001		1
wh2_main_lzd_itza_2	war.camp.hp.geomantic_web.002	wh2_main_lzd_itza	war.camp.hp.geomantic_web.001		2
wh2_main_lzd_itza_3	war.camp.hp.blessed_spawnings.002	wh2_main_lzd_itza	war.camp.hp.blessed_spawnings.001		3
wh2_main_lzd_last_defenders_1	war.camp.hp.lizardmen_lord_kroak.002	wh2_main_lzd_last_defenders	war.camp.hp.lizardmen_lord_kroak.001		1
wh2_main_lzd_last_defenders_2	war.camp.hp.geomantic_web.002	wh2_main_lzd_last_defenders	war.camp.hp.geomantic_web.001		2
wh2_main_lzd_last_defenders_3	war.camp.hp.blessed_spawnings.002	wh2_main_lzd_last_defenders	war.camp.hp.blessed_spawnings.001		3
wh2_main_lzd_tlaqua_1	war.camp.hp.lizardmen_lord_kroak.002	wh2_main_lzd_tlaqua	war.camp.hp.lizardmen_lord_kroak.001		1
wh2_main_lzd_tlaqua_2	war.camp.hp.geomantic_web.002	wh2_main_lzd_tlaqua	war.camp.hp.geomantic_web.001		2
wh2_main_lzd_tlaqua_3	war.camp.hp.blessed_spawnings.002	wh2_main_lzd_tlaqua	war.camp.hp.blessed_spawnings.001		3
wh2_main_skv_clan_eshin_1	war.camp.hp.shadowy_dealings.002	wh2_main_skv_clan_eshin	war.camp.hp.shadowy_dealings.001		1
wh2_main_skv_clan_eshin_2	war.camp.hp.skaven_underworld.002	wh2_main_skv_clan_eshin	war.camp.hp.skaven_underworld.001		2
wh2_main_skv_clan_eshin_3	war.camp.hp.food.002	wh2_main_skv_clan_eshin	war.camp.hp.food.001		3
wh2_main_skv_clan_eshin_4	war.camp.hp.skaven_corruption.002	wh2_main_skv_clan_eshin	war.camp.hp.skaven_corruption.001		4
wh2_main_skv_clan_mors_1	war.camp.hp.skaven_underworld.002	wh2_main_skv_clan_mors	war.camp.hp.skaven_underworld.001		1
wh2_main_skv_clan_mors_2	war.camp.hp.food.002	wh2_main_skv_clan_mors	war.camp.hp.food.001		2
wh2_main_skv_clan_mors_3	war.camp.hp.skaven_corruption.002	wh2_main_skv_clan_mors	war.camp.hp.skaven_corruption.001		3
wh2_main_skv_clan_moulder_1	war.camp.hp.skaven_flesh_lab.002	wh2_main_skv_clan_moulder	war.camp.hp.skaven_flesh_lab.001		1
wh2_main_skv_clan_moulder_2	war.camp.hp.skaven_underworld.002	wh2_main_skv_clan_moulder	war.camp.hp.skaven_underworld.001		2
wh2_main_skv_clan_moulder_3	war.camp.hp.food.002	wh2_main_skv_clan_moulder	war.camp.hp.food.001		3
wh2_main_skv_clan_moulder_4	war.camp.hp.skaven_corruption.002	wh2_main_skv_clan_moulder	war.camp.hp.skaven_corruption.001		4
wh2_main_skv_clan_pestilens_1	war.camp.hp.skaven_underworld.002	wh2_main_skv_clan_pestilens	war.camp.hp.skaven_underworld.001		1
wh2_main_skv_clan_pestilens_2	war.camp.hp.food.002	wh2_main_skv_clan_pestilens	war.camp.hp.food.001		2
wh2_main_skv_clan_pestilens_3	war.camp.hp.skaven_corruption.002	wh2_main_skv_clan_pestilens	war.camp.hp.skaven_corruption.001		3
wh2_main_skv_clan_skryre_1	war.camp.hp.skaven_underworld.002	wh2_main_skv_clan_skryre	war.camp.hp.skaven_underworld.001		1
wh2_main_skv_clan_skryre_2	war.camp.hp.skaven_forbidden_workshop.002	wh2_main_skv_clan_skryre	war.camp.hp.skaven_forbidden_workshop.001		2
wh2_main_skv_clan_skryre_3	war.camp.hp.food.002	wh2_main_skv_clan_skryre	war.camp.hp.food.001		3
wh2_main_skv_clan_skryre_4	war.camp.hp.skaven_corruption.002	wh2_main_skv_clan_skryre	war.camp.hp.skaven_corruption.001		4
wh2_twa03_def_rakarth_1	war.camp.hp.rakarth.002	wh2_twa03_def_rakarth	war.camp.hp.rakarth.001		1
wh2_twa03_def_rakarth_2	war.camp.hp.slaves.002	wh2_twa03_def_rakarth	war.camp.hp.slaves.001		2
wh2_twa03_def_rakarth_3	war.camp.hp.black_arks.002	wh2_twa03_def_rakarth	war.camp.hp.black_arks.001		3
wh2_twa03_def_rakarth_4	war.camp.hp.sword_of_khaine.002	wh2_twa03_def_rakarth	war.camp.hp.sword_of_khaine.001		4
wh3_dlc20_chs_azazel_1	war.camp.hp.chaos_warbands_text	wh3_dlc20_chs_azazel	war.camp.hp.chaos_warbands_header		1
wh3_dlc20_chs_azazel_2	war.camp.hp.chaos_souls_text	wh3_dlc20_chs_azazel	war.camp.hp.chaos_souls_header		2
wh3_dlc20_chs_azazel_3	war.camp.hp.chaos_dark_fortresses_text	wh3_dlc20_chs_azazel	war.camp.hp.chaos_dark_fortresses_header		3
wh3_dlc20_chs_azazel_4	war.camp.hp.chaos_path_to_glory_text	wh3_dlc20_chs_azazel	war.camp.hp.chaos_path_to_glory_header		4
wh3_dlc20_chs_festus_1	war.camp.hp.chaos_warbands_text	wh3_dlc20_chs_festus	war.camp.hp.chaos_warbands_header		1
wh3_dlc20_chs_festus_2	war.camp.hp.chaos_souls_text	wh3_dlc20_chs_festus	war.camp.hp.chaos_souls_header		2
wh3_dlc20_chs_festus_3	war.camp.hp.chaos_dark_fortresses_text	wh3_dlc20_chs_festus	war.camp.hp.chaos_dark_fortresses_header		3
wh3_dlc20_chs_festus_4	war.camp.hp.chaos_path_to_glory_text	wh3_dlc20_chs_festus	war.camp.hp.chaos_path_to_glory_header		4
wh3_dlc20_chs_kholek_1	war.camp.hp.chaos_warbands_text	wh3_dlc20_chs_kholek	war.camp.hp.chaos_warbands_header		1
wh3_dlc20_chs_kholek_2	war.camp.hp.chaos_souls_text	wh3_dlc20_chs_kholek	war.camp.hp.chaos_souls_header		2
wh3_dlc20_chs_kholek_3	war.camp.hp.chaos_dark_fortresses_text	wh3_dlc20_chs_kholek	war.camp.hp.chaos_dark_fortresses_header		3
wh3_dlc20_chs_kholek_4	war.camp.hp.chaos_path_to_glory_text	wh3_dlc20_chs_kholek	war.camp.hp.chaos_path_to_glory_header		4
wh3_dlc20_chs_sigvald_1	war.camp.hp.chaos_warbands_text	wh3_dlc20_chs_sigvald	war.camp.hp.chaos_warbands_header		1
wh3_dlc20_chs_sigvald_2	war.camp.hp.chaos_souls_text	wh3_dlc20_chs_sigvald	war.camp.hp.chaos_souls_header		2
wh3_dlc20_chs_sigvald_3	war.camp.hp.chaos_dark_fortresses_text	wh3_dlc20_chs_sigvald	war.camp.hp.chaos_dark_fortresses_header		3
wh3_dlc20_chs_sigvald_4	war.camp.hp.chaos_path_to_glory_text	wh3_dlc20_chs_sigvald	war.camp.hp.chaos_path_to_glory_header		4
wh3_dlc20_chs_valkia_1	war.camp.hp.chaos_warbands_text	wh3_dlc20_chs_valkia	war.camp.hp.chaos_warbands_header		1
wh3_dlc20_chs_valkia_2	war.camp.hp.chaos_souls_text	wh3_dlc20_chs_valkia	war.camp.hp.chaos_souls_header		2
wh3_dlc20_chs_valkia_3	war.camp.hp.chaos_dark_fortresses_text	wh3_dlc20_chs_valkia	war.camp.hp.chaos_dark_fortresses_header		3
wh3_dlc20_chs_valkia_4	war.camp.hp.chaos_path_to_glory_text	wh3_dlc20_chs_valkia	war.camp.hp.chaos_path_to_glory_header		4
wh3_dlc20_chs_vilitch_1	war.camp.hp.chaos_warbands_text	wh3_dlc20_chs_vilitch	war.camp.hp.chaos_warbands_header		1
wh3_dlc20_chs_vilitch_2	war.camp.hp.chaos_souls_text	wh3_dlc20_chs_vilitch	war.camp.hp.chaos_souls_header		2
wh3_dlc20_chs_vilitch_3	war.camp.hp.chaos_dark_fortresses_text	wh3_dlc20_chs_vilitch	war.camp.hp.chaos_dark_fortresses_header		3
wh3_dlc20_chs_vilitch_4	war.camp.hp.chaos_path_to_glory_text	wh3_dlc20_chs_vilitch	war.camp.hp.chaos_path_to_glory_header		4
wh3_main_chs_shadow_legion_1	war.camp.hp.chaos_warbands_text	wh3_main_chs_shadow_legion	war.camp.hp.chaos_warbands_header		1
wh3_main_chs_shadow_legion_2	war.camp.hp.chaos_souls_text	wh3_main_chs_shadow_legion	war.camp.hp.chaos_souls_header		2
wh3_main_chs_shadow_legion_3	war.camp.hp.chaos_dark_fortresses_text	wh3_main_chs_shadow_legion	war.camp.hp.chaos_dark_fortresses_header		3
wh3_main_chs_shadow_legion_4	war.camp.hp.chaos_path_to_glory_text	wh3_main_chs_shadow_legion	war.camp.hp.chaos_path_to_glory_header		4
wh3_main_cth_the_northern_provinces_1	war.camp.hp.cathay.004	wh3_main_cth_the_northern_provinces	war.camp.hp.cathay.003	UI/help_images/cathay.png	1
wh3_main_cth_the_northern_provinces_2	war.camp.hp.cathay.006	wh3_main_cth_the_northern_provinces	war.camp.hp.cathay.005		2
wh3_main_cth_the_northern_provinces_3	war.camp.hp.cathay.008	wh3_main_cth_the_northern_provinces	war.camp.hp.cathay.007		3
wh3_main_cth_the_northern_provinces_4	war.camp.hp.cathay.010	wh3_main_cth_the_northern_provinces	war.camp.hp.cathay.009		4
wh3_main_cth_the_western_provinces_1	war.camp.hp.cathay.004	wh3_main_cth_the_western_provinces	war.camp.hp.cathay.003	UI/help_images/cathay.png	1
wh3_main_cth_the_western_provinces_2	war.camp.hp.cathay.006	wh3_main_cth_the_western_provinces	war.camp.hp.cathay.005		2
wh3_main_cth_the_western_provinces_3	war.camp.hp.cathay.008	wh3_main_cth_the_western_provinces	war.camp.hp.cathay.007		3
wh3_main_cth_the_western_provinces_4	war.camp.hp.cathay.010	wh3_main_cth_the_western_provinces	war.camp.hp.cathay.009		4
wh3_main_dae_daemon_prince_1	war.camp.hp.daemons_of_chaos.005	wh3_main_dae_daemon_prince	war.camp.hp.daemons_of_chaos.004	UI/help_images/daemons_of_chaos.png	1
wh3_main_dae_daemon_prince_2	war.camp.hp.daemons_of_chaos.008	wh3_main_dae_daemon_prince	war.camp.hp.daemons_of_chaos.007		2
wh3_main_dwf_the_ancestral_throng_1	war.camp.hp.grudges.002	wh3_main_dwf_the_ancestral_throng	war.camp.hp.grudges.001	UI/help_images/dwarfs.png	1
wh3_main_dwf_the_ancestral_throng_2	war.camp.hp.forging_magic_items.002	wh3_main_dwf_the_ancestral_throng	war.camp.hp.forging_magic_items.001		2
wh3_main_dwf_the_ancestral_throng_3	war.camp.hp.oathgold.002	wh3_main_dwf_the_ancestral_throng	war.camp.hp.oathgold.001		3
wh3_main_emp_cult_of_sigmar_1	war.camp.hp.books_of_nagash.002	wh3_main_emp_cult_of_sigmar	war.camp.hp.books_of_nagash.001		1
wh3_main_kho_exiles_of_khorne_1	war.camp.hp.khorne.005	wh3_main_kho_exiles_of_khorne	war.camp.hp.khorne.004	UI/help_images/khorne.png	1
wh3_main_kho_exiles_of_khorne_2	war.camp.hp.khorne.008	wh3_main_kho_exiles_of_khorne	war.camp.hp.khorne.007		2
wh3_main_kho_exiles_of_khorne_3	war.camp.hp.khorne.012	wh3_main_kho_exiles_of_khorne	war.camp.hp.khorne.011		3
wh3_main_kho_exiles_of_khorne_4	war.camp.hp.khorne.014	wh3_main_kho_exiles_of_khorne	war.camp.hp.khorne.013		4
wh3_main_ksl_the_great_orthodoxy_1	war.camp.hp.kislev.005	wh3_main_ksl_the_great_orthodoxy	war.camp.hp.kislev.004	UI/help_images/kislev.png	1
wh3_main_ksl_the_great_orthodoxy_2	war.camp.hp.kislev.007	wh3_main_ksl_the_great_orthodoxy	war.camp.hp.kislev.006		2
wh3_main_ksl_the_great_orthodoxy_3	war.camp.hp.kislev.009	wh3_main_ksl_the_great_orthodoxy	war.camp.hp.kislev.008		4
wh3_main_ksl_the_great_orthodoxy_4	war.camp.hp.motherland.002	wh3_main_ksl_the_great_orthodoxy	war.camp.hp.motherland.001	UI/help_images/motherland.png	3
wh3_main_ksl_the_ice_court_1	war.camp.hp.kislev.005	wh3_main_ksl_the_ice_court	war.camp.hp.kislev.004	UI/help_images/kislev.png	1
wh3_main_ksl_the_ice_court_2	war.camp.hp.kislev.007	wh3_main_ksl_the_ice_court	war.camp.hp.kislev.006		2
wh3_main_ksl_the_ice_court_3	war.camp.hp.kislev.009	wh3_main_ksl_the_ice_court	war.camp.hp.kislev.008		4
wh3_main_ksl_the_ice_court_4	war.camp.hp.motherland.002	wh3_main_ksl_the_ice_court	war.camp.hp.motherland.001	UI/help_images/motherland.png	3
wh3_main_ksl_ursun_revivalists_1	war.camp.hp.kislev.005	wh3_main_ksl_ursun_revivalists	war.camp.hp.kislev.004	UI/help_images/kislev.png	1
wh3_main_ksl_ursun_revivalists_2	war.camp.hp.kislev.007	wh3_main_ksl_ursun_revivalists	war.camp.hp.kislev.006		2
wh3_main_ksl_ursun_revivalists_3	war.camp.hp.kislev.009	wh3_main_ksl_ursun_revivalists	war.camp.hp.kislev.008		4
wh3_main_ksl_ursun_revivalists_4	war.camp.hp.motherland.002	wh3_main_ksl_ursun_revivalists	war.camp.hp.motherland.001	UI/help_images/motherland.png	3
wh3_main_nur_poxmakers_of_nurgle_1	war.camp.hp.nurgle.005	wh3_main_nur_poxmakers_of_nurgle	war.camp.hp.nurgle.004	UI/help_images/nurgle.png	1
wh3_main_nur_poxmakers_of_nurgle_2	war.camp.hp.nurgle.007	wh3_main_nur_poxmakers_of_nurgle	war.camp.hp.nurgle.006		2
wh3_main_nur_poxmakers_of_nurgle_3	war.camp.hp.nurgle.010	wh3_main_nur_poxmakers_of_nurgle	war.camp.hp.nurgle.009		3
wh3_main_nur_poxmakers_of_nurgle_4	war.camp.hp.nurgle.012	wh3_main_nur_poxmakers_of_nurgle	war.camp.hp.nurgle.011		4
wh3_main_ogr_disciples_of_the_maw_1	war.camp.hp.ogre_kingdoms.004	wh3_main_ogr_disciples_of_the_maw	war.camp.hp.ogre_kingdoms.003	UI/help_images/ogre_kingdoms.png	1
wh3_main_ogr_disciples_of_the_maw_2	war.camp.hp.ogre_kingdoms.006	wh3_main_ogr_disciples_of_the_maw	war.camp.hp.ogre_kingdoms.005		2
wh3_main_ogr_disciples_of_the_maw_3	war.camp.hp.ogre_kingdoms.009	wh3_main_ogr_disciples_of_the_maw	war.camp.hp.ogre_kingdoms.008		3
wh3_main_ogr_disciples_of_the_maw_4	war.camp.hp.ogre_kingdoms.011	wh3_main_ogr_disciples_of_the_maw	war.camp.hp.ogre_kingdoms.010		4
wh3_main_ogr_goldtooth_1	war.camp.hp.ogre_kingdoms.004	wh3_main_ogr_goldtooth	war.camp.hp.ogre_kingdoms.003	UI/help_images/ogre_kingdoms.png	1
wh3_main_ogr_goldtooth_2	war.camp.hp.ogre_kingdoms.006	wh3_main_ogr_goldtooth	war.camp.hp.ogre_kingdoms.005		2
wh3_main_ogr_goldtooth_3	war.camp.hp.ogre_kingdoms.009	wh3_main_ogr_goldtooth	war.camp.hp.ogre_kingdoms.008		3
wh3_main_ogr_goldtooth_4	war.camp.hp.ogre_kingdoms.011	wh3_main_ogr_goldtooth	war.camp.hp.ogre_kingdoms.010		4
wh3_main_sla_seducers_of_slaanesh_1	war.camp.hp.slaanesh.004	wh3_main_sla_seducers_of_slaanesh	war.camp.hp.slaanesh.003	UI/help_images/slaanesh.png	1
wh3_main_sla_seducers_of_slaanesh_2	war.camp.hp.slaanesh.006	wh3_main_sla_seducers_of_slaanesh	war.camp.hp.slaanesh.005	UI/help_images/devotees.png	2
wh3_main_sla_seducers_of_slaanesh_3	war.camp.hp.slaanesh.008	wh3_main_sla_seducers_of_slaanesh	war.camp.hp.slaanesh.007	UI/help_images/seduction.png	3
wh3_main_sla_seducers_of_slaanesh_4	war.camp.hp.slaanesh.014	wh3_main_sla_seducers_of_slaanesh	war.camp.hp.slaanesh.013		4
wh3_main_tze_oracles_of_tzeentch_1	war.camp.hp.tzeentch.005	wh3_main_tze_oracles_of_tzeentch	war.camp.hp.tzeentch.004	UI/help_images/tzeentch.png	1
wh3_main_tze_oracles_of_tzeentch_2	war.camp.hp.tzeentch.008	wh3_main_tze_oracles_of_tzeentch	war.camp.hp.tzeentch.007		2
wh3_main_tze_oracles_of_tzeentch_3	war.camp.hp.tzeentch.010	wh3_main_tze_oracles_of_tzeentch	war.camp.hp.tzeentch.009		3
wh3_main_tze_oracles_of_tzeentch_4	war.camp.hp.tzeentch.012	wh3_main_tze_oracles_of_tzeentch	war.camp.hp.tzeentch.011		4
wh3_main_vmp_caravan_of_blue_roses_1	war.camp.hp.bloodlines.002	wh3_main_vmp_caravan_of_blue_roses	war.camp.hp.bloodlines.001		1
wh3_main_vmp_caravan_of_blue_roses_2	war.camp.hp.raising_dead.002	wh3_main_vmp_caravan_of_blue_roses	war.camp.hp.raising_dead.001		2
wh3_main_vmp_caravan_of_blue_roses_3	war.camp.hp.vampiric_corruption.002	wh3_main_vmp_caravan_of_blue_roses	war.camp.hp.vampiric_corruption.001		3
wh3_prologue_cheatsheet_item_001	wh3_main_prologue_campaign_item_001	wh3_prologue_kislev_expedition	wh3_main_prologue_campaign_header_start		1
wh3_prologue_cheatsheet_item_002	wh3_main_prologue_campaign_item_002	wh3_prologue_kislev_expedition	wh3_main_prologue_campaign_header_income		2
wh3_prologue_cheatsheet_item_003	wh3_main_prologue_campaign_item_003	wh3_prologue_kislev_expedition	wh3_main_prologue_campaign_header_features		3
wh3_prologue_cheatsheet_item_004	wh3_main_prologue_campaign_item_004	wh3_prologue_kislev_expedition	wh3_main_prologue_campaign_header_prepare_for_battle		4
wh_dlc03_bst_beastmen_1	war.camp.hp.hordes.002	wh_dlc03_bst_beastmen	war.camp.hp.hordes.001		1
wh_dlc03_bst_beastmen_2	war.camp.hp.bloodgrounds.002	wh_dlc03_bst_beastmen	war.camp.hp.bloodgrounds.001		2
wh_dlc03_bst_beastmen_3	war.camp.hp.dread_panel.002	wh_dlc03_bst_beastmen	war.camp.hp.dread_panel.001		3
wh_dlc03_bst_beastmen_4	war.camp.hp.beast_paths.002	wh_dlc03_bst_beastmen	war.camp.hp.beast_paths.001		4
wh_dlc05_bst_morghur_herd_1	war.camp.hp.hordes.002	wh_dlc05_bst_morghur_herd	war.camp.hp.hordes.001		1
wh_dlc05_bst_morghur_herd_2	war.camp.hp.bloodgrounds.002	wh_dlc05_bst_morghur_herd	war.camp.hp.bloodgrounds.001		2
wh_dlc05_bst_morghur_herd_3	war.camp.hp.dread_panel.002	wh_dlc05_bst_morghur_herd	war.camp.hp.dread_panel.001		3
wh_dlc05_bst_morghur_herd_4	war.camp.hp.beast_paths.002	wh_dlc05_bst_morghur_herd	war.camp.hp.beast_paths.001		4
wh_dlc05_wef_argwylon_1	war.camp.hp.wood_elves_new_worldroots.002	wh_dlc05_wef_argwylon	war.camp.hp.wood_elves_new_worldroots.001		1
wh_dlc05_wef_argwylon_2	war.camp.hp.oak_of_ages.002	wh_dlc05_wef_argwylon	war.camp.hp.oak_of_ages.001		2
wh_dlc05_wef_argwylon_3	war.camp.advice.offices.info_002	wh_dlc05_wef_argwylon	war.camp.advice.offices.info_001		3
wh_dlc05_wef_wood_elves_1	war.camp.hp.wood_elves_new_worldroots.002	wh_dlc05_wef_wood_elves	war.camp.hp.wood_elves_new_worldroots.001		1
wh_dlc05_wef_wood_elves_2	war.camp.hp.oak_of_ages.002	wh_dlc05_wef_wood_elves	war.camp.hp.oak_of_ages.001		2
wh_dlc05_wef_wood_elves_3	war.camp.advice.offices.info_002	wh_dlc05_wef_wood_elves	war.camp.advice.offices.info_001		3
wh_dlc08_nor_norsca_1	war.camp.hp.gods.002	wh_dlc08_nor_norsca	war.camp.hp.gods.001		1
wh_dlc08_nor_norsca_2	war.camp.hp.monsters.002	wh_dlc08_nor_norsca	war.camp.hp.monsters.001		2
wh_dlc08_nor_norsca_3	war.camp.hp.tribal_confederation.002	wh_dlc08_nor_norsca	war.camp.hp.tribal_confederation.001		3
wh_dlc08_nor_wintertooth_1	war.camp.hp.gods.002	wh_dlc08_nor_wintertooth	war.camp.hp.gods.001		1
wh_dlc08_nor_wintertooth_2	war.camp.hp.monsters.002	wh_dlc08_nor_wintertooth	war.camp.hp.monsters.001		2
wh_dlc08_nor_wintertooth_3	war.camp.hp.tribal_confederation.002	wh_dlc08_nor_wintertooth	war.camp.hp.tribal_confederation.001		3
wh_main_brt_bordeleaux_1	war.camp.hp.bretonnian_vows.002	wh_main_brt_bordeleaux	war.camp.hp.bretonnian_vows.001		1
wh_main_brt_bordeleaux_2	war.camp.hp.chivalry.002	wh_main_brt_bordeleaux	war.camp.hp.chivalry.001		2
wh_main_brt_bordeleaux_3	war.camp.hp.green_knight.002	wh_main_brt_bordeleaux	war.camp.hp.green_knight.001		3
wh_main_brt_bordeleaux_4	war.camp.hp.peasants.002	wh_main_brt_bordeleaux	war.camp.hp.peasants.001		4
wh_main_brt_bretonnia_1	war.camp.hp.bretonnian_vows.002	wh_main_brt_bretonnia	war.camp.hp.bretonnian_vows.001		1
wh_main_brt_bretonnia_2	war.camp.hp.chivalry.002	wh_main_brt_bretonnia	war.camp.hp.chivalry.001		2
wh_main_brt_bretonnia_3	war.camp.hp.green_knight.002	wh_main_brt_bretonnia	war.camp.hp.green_knight.001		3
wh_main_brt_bretonnia_4	war.camp.hp.peasants.002	wh_main_brt_bretonnia	war.camp.hp.peasants.001		4
wh_main_brt_carcassonne_1	war.camp.hp.bretonnian_vows.002	wh_main_brt_carcassonne	war.camp.hp.bretonnian_vows.001		1
wh_main_brt_carcassonne_2	war.camp.hp.chivalry.002	wh_main_brt_carcassonne	war.camp.hp.chivalry.001		2
wh_main_brt_carcassonne_3	war.camp.hp.green_knight.002	wh_main_brt_carcassonne	war.camp.hp.green_knight.001		3
wh_main_brt_carcassonne_4	war.camp.hp.peasants.002	wh_main_brt_carcassonne	war.camp.hp.peasants.001		4
wh_main_chs_chaos_1	war.camp.hp.chaos_warbands_text	wh_main_chs_chaos	war.camp.hp.chaos_warbands_header		1
wh_main_chs_chaos_2	war.camp.hp.chaos_souls_text	wh_main_chs_chaos	war.camp.hp.chaos_souls_header		2
wh_main_chs_chaos_3	war.camp.hp.chaos_dark_fortresses_text	wh_main_chs_chaos	war.camp.hp.chaos_dark_fortresses_header		3
wh_main_chs_chaos_4	war.camp.hp.chaos_path_to_glory_text	wh_main_chs_chaos	war.camp.hp.chaos_path_to_glory_header		4
wh_main_dwf_dwarfs_1	war.camp.hp.grudges.002	wh_main_dwf_dwarfs	war.camp.hp.grudges.001	UI/help_images/dwarfs.png	1
wh_main_dwf_dwarfs_2	war.camp.hp.forging_magic_items.002	wh_main_dwf_dwarfs	war.camp.hp.forging_magic_items.001		2
wh_main_dwf_dwarfs_3	war.camp.hp.oathgold.002	wh_main_dwf_dwarfs	war.camp.hp.oathgold.001		3
wh_main_dwf_karak_izor_1	war.camp.hp.grudges.002	wh_main_dwf_karak_izor	war.camp.hp.grudges.001	UI/help_images/dwarfs.png	1
wh_main_dwf_karak_izor_2	war.camp.hp.forging_magic_items.002	wh_main_dwf_karak_izor	war.camp.hp.forging_magic_items.001		2
wh_main_dwf_karak_izor_3	war.camp.hp.oathgold.002	wh_main_dwf_karak_izor	war.camp.hp.oathgold.001		3
wh_main_dwf_karak_kadrin_1	war.camp.hp.grudges.002	wh_main_dwf_karak_kadrin	war.camp.hp.grudges.001	UI/help_images/dwarfs.png	1
wh_main_dwf_karak_kadrin_2	war.camp.hp.forging_magic_items.002	wh_main_dwf_karak_kadrin	war.camp.hp.forging_magic_items.001		2
wh_main_dwf_karak_kadrin_3	war.camp.hp.oathgold.002	wh_main_dwf_karak_kadrin	war.camp.hp.oathgold.001		3
wh_main_emp_empire_1	war.camp.hp.empire_imperial_authority.002	wh_main_emp_empire	war.camp.hp.empire_imperial_authority.001		1
wh_main_emp_empire_2	war.camp.hp.empire_summon_elector_counts.002	wh_main_emp_empire	war.camp.hp.empire_summon_elector_counts.001		2
wh_main_grn_crooked_moon_1	war.camp.hp.waaagh.002	wh_main_grn_crooked_moon	war.camp.hp.waaagh.001		1
wh_main_grn_crooked_moon_2	war.camp.hp.underway.002	wh_main_grn_crooked_moon	war.camp.hp.underway.001		2
wh_main_grn_crooked_moon_3	wh2_dlc15.camp.advice.scrap.info_002	wh_main_grn_crooked_moon	wh2_dlc15.camp.advice.scrap.info_001		3
wh_main_grn_greenskins_1	war.camp.hp.waaagh.002	wh_main_grn_greenskins	war.camp.hp.waaagh.001		1
wh_main_grn_greenskins_2	war.camp.hp.underway.002	wh_main_grn_greenskins	war.camp.hp.underway.001		2
wh_main_grn_greenskins_3	wh2_dlc15.camp.advice.scrap.info_002	wh_main_grn_greenskins	wh2_dlc15.camp.advice.scrap.info_001		3
wh_main_grn_orcs_of_the_bloody_hand_1	war.camp.hp.waaagh.002	wh_main_grn_orcs_of_the_bloody_hand	war.camp.hp.waaagh.001		1
wh_main_grn_orcs_of_the_bloody_hand_2	war.camp.hp.underway.002	wh_main_grn_orcs_of_the_bloody_hand	war.camp.hp.underway.001		2
wh_main_grn_orcs_of_the_bloody_hand_3	wh2_dlc15.camp.advice.scrap.info_002	wh_main_grn_orcs_of_the_bloody_hand	wh2_dlc15.camp.advice.scrap.info_001		3
wh_main_vmp_schwartzhafen_1	war.camp.hp.bloodlines.002	wh_main_vmp_schwartzhafen	war.camp.hp.bloodlines.001		1
wh_main_vmp_schwartzhafen_2	war.camp.hp.raising_dead.002	wh_main_vmp_schwartzhafen	war.camp.hp.raising_dead.001		2
wh_main_vmp_schwartzhafen_3	war.camp.hp.vampiric_corruption.002	wh_main_vmp_schwartzhafen	war.camp.hp.vampiric_corruption.001		3
wh_main_vmp_vampire_counts_1	war.camp.hp.bloodlines.002	wh_main_vmp_vampire_counts	war.camp.hp.bloodlines.001		1
wh_main_vmp_vampire_counts_2	war.camp.hp.raising_dead.002	wh_main_vmp_vampire_counts	war.camp.hp.raising_dead.001		2
wh_main_vmp_vampire_counts_3	war.camp.hp.vampiric_corruption.002	wh_main_vmp_vampire_counts	war.camp.hp.vampiric_corruption.001		3
